{
    "current_task": "task pspw steepest_descent",
    "dbname": "c2-cpsd",
    "foundtask": false,
    "geometries": {
        "geometry": {
            "autosym": 0,
            "autoz": 0,
            "center": 1,
            "charges": [
                6.0,
                6.0
            ],
            "conv": 1.88972598858,
            "coords": [
                0.0,
                0.0,
                -1.228321892577,
                0.0,
                0.0,
                1.228321892577
            ],
            "masses": [
                12.0,
                12.0
            ],
            "nion": 2,
            "symbols": [
                "C",
                "C"
            ],
            "velocities": [
                0.0,
                0.0,
                0.0,
                0.0,
                0.0,
                0.0
            ]
        }
    },
    "geometry": null,
    "nwinput_cur": 30,
    "nwinput_lines": [
        "Title \"Hellow Dolly\"",
        "",
        "memory 1900 mb",
        "start c2-cpsd",
        "echo",
        "",
        "",
        "",
        "",
        "geometry noautosym noautoz center",
        "C 0 0 0    ",
        "C 0 0 1.3  ",
        "end",
        "",
        "nwpw",
        "   pseudopotentials",
        "   C library pspw_default",
        "   end",
        "   simulation_cell",
        "     SC 20.0",
        "   end",
        "   cutoff 5.0",
        "end",
        "task pspw steepest_descent",
        "",
        "nwpw",
        "   cutoff 20.0",
        "end",
        "task pspw steepest_descent",
        ""
    ],
    "nwinput_nlines": 30,
    "nwpw": {
        "cutoff": [
            20.0,
            40.0
        ],
        "pseudopotentials": {
            "C": "pspw_default"
        },
        "simulation_cell": {
            "unita": [
                20.0,
                0.0,
                0.0,
                0.0,
                20.0,
                0.0,
                0.0,
                0.0,
                20.0
            ]
        }
    },
    "permanent_dir": ".",
    "psp_library_dir": "",
    "pspw": {
        "energies": [
            -3.967984405733905,
            -2.824568063038459,
            3.737179072845102,
            -1.9571806007063839,
            1.9991223087353043,
            3.0714550011694817,
            -11.168210377340426,
            0.3496501895630235,
            7.474358145690204,
            -2.5518210221207354,
            0.0,
            0.0,
            0.0,
            0.0,
            0.0,
            0.0,
            0.0,
            0.0,
            0.0,
            0.0,
            0.0,
            0.0,
            0.0,
            0.0,
            0.0,
            0.0,
            0.0,
            0.0,
            0.0,
            0.0,
            0.0,
            0.0,
            0.0,
            0.0,
            0.0,
            0.0,
            0.0,
            0.0,
            0.0,
            0.0,
            0.0,
            0.0,
            0.0,
            0.0,
            0.0,
            0.0,
            0.0,
            0.0,
            0.0,
            0.0
        ],
        "energy": -3.967984405733905
    },
    "scratch_dir": ".",
    "title": "Hellow Dolly"
}
